Dim1,Dim2,Y
94.8673638944,127.534525493,1.0
105.96410588,54.6678900115,1.0
101.897203569,138.684786239,1.0
110.274600274,90.3556380983,1.0
96.9731498669,99.7921163801,1.0
79.241269911,66.7949743669,0.0
74.4733169549,46.0051242663,0.0
71.8332638069,59.039976838,0.0
34.5474456425,20.0150180259,0.0
112.088327017,79.6133609881,1.0
115.429821211,72.3673349926,1.0
35.3545547837,46.2668707606,0.0
81.3407935434,37.8810569333,0.0
50.3105846905,82.1841004965,1.0
119.533273384,106.419102896,1.0
132.973600324,133.179152433,1.0
58.0163199247,52.9710222286,0.0
96.8362375943,77.3100586546,1.0
113.040063902,121.9561833,1.0
84.3461287214,98.2842158382,1.0
90.3028079803,57.1169657119,0.0
72.5188257631,67.9547319611,0.0
47.6728059258,42.1680094275,0.0
48.4715578906,72.3634941631,0.0
110.754287574,105.508470983,1.0
125.092268728,64.1554949819,1.0
47.1264520339,52.5258259779,0.0
63.9809187865,40.4457110655,0.0
150.512220425,95.2931119362,1.0
72.6195597083,77.0396700754,0.0
110.875349274,94.218111836,1.0
105.002240016,53.4525149132,0.0
108.033254133,123.69551698,1.0
70.1810730748,65.3640729465,0.0
106.053792806,85.9703301777,1.0
81.8457299416,99.0684705631,1.0
61.4798671066,35.4526979666,0.0
101.009801488,117.037882891,1.0
127.087724269,114.353840716,1.0
82.1831473714,115.422861352,1.0
36.768139105,30.3820001013,0.0
119.4235575,91.3196892414,1.0
115.441423249,94.3506654355,1.0
57.0140641791,67.4496836745,0.0
59.6100498478,67.591296351,0.0
50.9446539129,24.2771630845,0.0
94.2864928196,47.3583950151,0.0
53.836525256,45.8334431896,0.0
39.8574225401,10.3851870947,0.0
105.205053446,90.1228208292,1.0
102.915842174,60.6367899906,1.0
67.8206062082,44.0097408913,0.0
97.9885200185,145.185653302,1.0
149.550388536,95.0538868979,1.0
34.7530916169,48.5232897801,0.0
11.501473416,28.7236449056,0.0
37.8356494083,87.8649596916,1.0
20.9909282048,41.8548566207,0.0
92.5569274371,100.883279835,1.0
30.2133369223,40.8682932939,0.0
107.705533743,123.388575937,1.0
25.785287011,-3.20596508197,0.0
52.8051141779,107.824718843,1.0
46.431380675,75.6622251923,0.0
5.36418150668,56.8876236844,0.0
58.7233632219,58.6548916449,0.0
16.5853909719,49.0155716215,0.0
87.1002015494,91.1732336888,1.0
73.4622031384,110.278228827,1.0
114.145137594,75.1862053998,1.0
125.106743804,116.678777592,1.0
75.2538432496,37.5877050573,0.0
53.5286382907,32.8455073643,0.0
79.6220530249,27.5304579243,0.0
47.1474520256,45.1415470942,0.0
63.574871334,37.6419099352,0.0
65.2773257856,119.820017669,1.0
35.5079638038,31.9366979537,0.0
86.0536961976,132.019045144,1.0
99.0546417904,93.225307361,1.0
44.6199841143,88.1756722485,1.0
54.9414314922,57.6056797416,0.0
56.15843362,86.8205805393,1.0
67.024202809,31.4007102947,0.0
-4.51452470107,58.6092119977,0.0
126.56898444,103.955482011,1.0
69.6821413229,42.6003356687,0.0
60.7951297436,37.1834183205,0.0
72.0455178543,59.6182750437,1.0
91.9814403817,127.676141127,1.0
125.449438347,138.824876247,1.0
62.5183018541,43.2294986604,0.0
23.2234985818,50.6652254443,0.0
113.984963831,144.544951381,1.0
91.5436848791,100.619726958,1.0
49.2541570496,31.5744886891,0.0
41.9970783386,13.5842419326,0.0
25.6248803413,46.7712264845,0.0
70.8153384708,94.4738809991,1.0
104.263285586,82.670095645,1.0
64.4120455814,41.3926492483,0.0
53.6398850093,46.7208528409,0.0
69.1406826868,62.422718994,0.0
113.754963286,78.5558545544,1.0
17.8084330066,44.0733592829,0.0
70.850580922,100.782181167,1.0
76.7460695458,109.262740847,1.0
107.930186774,97.9062256645,1.0
37.8062627516,20.0943230836,0.0
24.6822670057,65.0970951665,0.0
69.0336451886,73.9435899427,1.0
148.868870185,105.139581481,1.0
43.7873606302,6.38312115763,0.0
60.4279627885,36.9873698199,0.0
89.5169302845,141.647159188,1.0
34.8043102309,38.7511501181,0.0
33.2941037127,44.5040203359,0.0
117.076308525,107.978578171,1.0
59.4772618801,52.81331933,0.0
26.637367763,62.2432489884,0.0
28.3821941963,45.9454116478,0.0
24.9742758994,31.4288896434,0.0
110.605403053,74.1835582768,1.0
142.311708827,108.977006836,1.0
84.9497470595,105.256364473,1.0
33.181661709,37.2299197577,0.0
120.491533027,116.573948993,1.0
31.0757834665,53.5710136328,0.0
82.2684779196,54.1125225972,0.0
67.8386798677,29.2036177455,0.0
75.9090788031,63.476906414,0.0
34.7057183059,26.2942437819,0.0
75.5715615648,69.2458209859,0.0
36.7925900741,56.1285730045,0.0
123.068379725,98.0206211136,1.0
55.9765326599,46.3935881651,0.0
79.6809356141,22.7926298133,0.0
42.9280568176,41.8812609066,0.0
118.95324714,75.7315452661,1.0
26.2362756075,37.7640132027,0.0
37.0852838264,40.6408347037,0.0
110.475997902,104.435179528,1.0
125.189622936,111.209094893,1.0
35.9582551794,124.170991546,1.0
120.313578664,69.7419598435,1.0
11.8652125239,27.189356114,0.0
72.2850767266,78.0492797252,1.0
117.965875863,97.0485638129,1.0
60.2665174636,47.2260657993,0.0
55.9849160279,21.9310010319,0.0
78.4754622708,76.773146734,1.0
80.3243992147,69.3606737431,1.0
89.7251018838,115.512949282,1.0
115.677200934,106.336084959,1.0
42.1644092397,24.8117941401,0.0
116.438094369,87.2161947349,1.0
7.47594754263,69.8532169573,0.0
57.5356955571,14.9290745995,0.0
72.6951343867,70.112737933,0.0
73.6280277534,66.0857690139,0.0
54.8047526287,52.3792525601,0.0
102.064382294,151.763406365,1.0
81.1039957538,84.4049981303,1.0
23.1962925273,56.1613011003,0.0
88.5722852049,74.9691955211,1.0
62.1294511508,64.3885018233,0.0
91.7570403784,99.1304299719,1.0
83.361585281,73.4465979204,1.0
55.0477042356,61.4356144771,0.0
112.773368961,112.849858391,1.0
63.4525208151,79.3301057825,1.0
90.9878957613,125.613850891,1.0
119.122508891,97.1038764176,1.0
52.2039331266,12.4043935101,0.0
39.9762473173,78.2869429259,0.0
23.8559391923,50.3202115509,0.0
144.377324134,90.7177992685,1.0
50.24509362,101.409865094,1.0
159.073682634,75.9208191765,1.0
119.772700203,89.2404159677,1.0
129.093726635,88.2738538279,1.0
63.0541398276,67.6120297182,1.0
60.2124891153,81.2834406526,0.0
48.5274878704,50.4552004831,0.0
5.63049350928,5.72145658847,0.0
85.5832384609,6.8187239762,0.0
74.2242674128,94.8477349891,1.0
114.999761221,116.908756835,1.0
40.516085275,64.5964936222,0.0
128.110893355,102.109692467,1.0
116.872235617,163.208515031,1.0
49.6950793522,0.15207813613,0.0
92.4334057892,103.306007219,1.0
58.5537344959,31.3080757217,0.0
72.0020931993,150.62091098,1.0
122.727751525,107.035056899,1.0
32.5018080257,54.0061260329,0.0
136.586956203,99.8686824991,1.0
99.7228868086,77.3802318699,1.0
79.6289280319,108.092285826,1.0
72.6347276773,82.2752403865,1.0
104.091488377,81.7982843028,1.0
83.7663201358,72.8626787826,1.0
88.5644498743,136.400835173,1.0
24.4470745721,30.997966529,0.0
49.591903575,28.0758267127,0.0
78.6322609748,39.6501460117,0.0
74.2496864897,101.731137829,1.0
109.503702918,76.5445380972,1.0
103.8206581,88.2388239672,1.0
111.075003049,104.151204035,1.0
30.2989731389,33.8059952871,0.0
92.7517468263,107.553739417,1.0
73.943299598,-2.8887216481,0.0
132.20425786,53.5471757615,1.0
113.567270284,126.483121005,1.0
60.3963982528,88.2548312106,1.0
106.584255966,85.2555293628,1.0
97.9582083274,89.0948890686,1.0
53.8331310861,71.0256790345,1.0
55.5615676731,25.0793033867,0.0
61.4061189424,43.0631467956,0.0
96.8749014252,108.480591225,1.0
68.4689408944,147.268862453,1.0
90.4694175609,72.9523840108,1.0
35.8830062215,18.5006796838,0.0
99.86287056,59.5628156837,1.0
67.1310757345,83.9116581361,1.0
100.631578605,125.597702622,1.0
103.376877472,136.104428644,1.0
72.3480667159,28.6775015517,0.0
29.8780544733,58.6906373582,0.0
105.166523595,105.246280522,1.0
124.372805408,105.956725016,1.0
31.1183408875,42.7368609698,0.0
34.9892041783,82.8083495997,0.0
109.286203711,107.251795294,1.0
73.4549771149,103.288067453,1.0
77.5718967204,102.634764428,0.0
104.939922376,120.0118961,1.0
69.4913319742,60.5869159879,0.0
57.9158764986,56.0844736349,0.0
59.2038087928,66.7806651469,0.0
64.9852798374,66.1063844613,0.0
87.2742575143,121.28603491,1.0
71.0051755702,34.1925706622,0.0
120.540364098,126.059042887,1.0
98.599798007,66.8914081633,1.0
48.6440533958,17.5665281919,0.0
36.3724410066,67.2727984662,0.0
101.913592191,93.6325084002,1.0
47.3816701725,74.963419643,0.0
119.564178741,76.03080583,1.0
13.5167568704,31.0850997546,0.0
72.9037417968,40.5781929129,0.0
94.7692273493,97.5426781079,1.0
91.2717283087,118.090627132,1.0
79.6371590168,100.14144101,1.0
87.1280606739,118.240028526,1.0
108.647828925,97.1553093167,1.0
53.9293336242,76.5519060487,0.0
63.7587147689,72.1403913162,0.0
48.316013298,48.0827929339,0.0
97.6880161981,108.466625628,1.0
100.23266423,108.223304601,1.0
94.6187246941,108.552103075,1.0
78.3938238372,36.0243421396,0.0
117.152861329,74.2366485666,1.0
44.3884378042,36.8313026818,0.0
42.9548395373,52.3655297893,0.0
70.2475035907,83.9580432647,0.0
98.7133153228,77.9436548222,1.0
142.578983773,66.2585858408,1.0
63.0631712841,35.5558142802,0.0
77.0232882522,52.401143296,0.0
13.328601824,23.6614284071,0.0
79.3853000881,71.3457847431,0.0
103.464475149,61.4597228671,1.0
61.9681711713,88.0271765079,0.0
54.3053171562,38.3366629861,0.0
97.8004053652,79.7606396001,1.0
44.6925366838,45.9718004915,0.0
119.251874292,119.505274213,1.0
133.301772018,98.5101754697,1.0
97.7908933897,99.4587728032,1.0
76.3607549179,50.9541235726,0.0
69.2628222679,67.5153617766,0.0
71.8962547915,70.6656956825,1.0
60.3726195415,43.4820339535,0.0
79.6556699291,31.4762693115,0.0
32.7256642855,74.0023918059,0.0
65.5713637978,17.4068934988,0.0
80.1097147257,59.4135378706,0.0
39.324125572,62.5726233107,0.0
74.8902607959,105.194768653,1.0
113.493990588,92.8571191105,1.0
22.2831231569,49.5964945375,0.0
8.05680424779,33.4975705269,0.0
122.714028471,117.435858027,1.0
93.2702066541,134.429273612,1.0
37.1340129768,39.0696395252,0.0
46.7078192018,41.4755685002,0.0
75.7341402362,71.1295506712,0.0
68.3789635035,53.7311919849,0.0
37.1636314301,69.6879605881,0.0
56.0851487024,41.0517202304,0.0
39.930791639,87.9011103738,0.0
36.5308963621,47.2236946679,0.0
56.8370364531,71.1001572066,0.0
71.7181085799,144.764585642,1.0
106.007484923,74.105395886,1.0
56.9850227661,86.0560206986,0.0
64.5205879118,12.5708601927,0.0
41.1747933543,35.8471765067,0.0
99.6522668757,133.237329682,1.0
94.5121015249,123.562102943,1.0
142.305813659,102.008235808,1.0
62.0260588406,75.4595487853,0.0
125.141193399,121.399345202,1.0
87.1240080362,126.300732943,1.0
49.2854824705,62.8849951943,0.0
101.872272407,111.753248779,1.0
62.7195729305,48.5088019475,0.0
149.480857326,109.887159948,1.0
94.424857332,98.4880208246,1.0
57.7621536999,39.6690537195,0.0
43.730911688,71.9912597663,0.0
82.9746142896,62.4036546205,0.0
126.355756228,94.7628324461,1.0
94.9811785096,121.749998763,1.0
81.0324743534,73.7387202454,1.0
12.5328828561,64.3819057122,0.0
50.5380416118,51.6180807608,0.0
98.73327134,96.8471005242,1.0
117.736890198,104.066137668,1.0
51.6320712007,81.2722830744,0.0
89.5494272666,98.9005644118,1.0
120.275733336,104.155927202,1.0
67.5041642427,114.087708663,1.0
140.634982496,98.6824447396,1.0
46.5836901634,79.3883847301,0.0
26.5316592294,58.6540415602,0.0
56.9381667807,41.5707706339,0.0
75.8540635234,47.5368817187,0.0
115.576540978,104.370781852,1.0
102.584102967,95.4055317661,1.0
80.0615034651,53.6689368638,1.0
101.461105588,91.1428553081,1.0
24.066407007,64.1616454182,0.0
120.443046831,58.2383740964,1.0
80.7360411719,106.458716702,1.0
79.7483493196,98.7980795509,1.0
68.2999614508,57.9803103788,0.0
10.7409853396,58.5600190373,0.0
51.3925746218,39.3403962947,0.0
63.083124109,47.3296842264,0.0
135.405325626,73.06324044,1.0
8.3699888959,60.4003149854,0.0
49.79750457,48.6916537563,0.0
73.6650099277,42.3161828386,0.0
81.2804029203,87.012860304,1.0
56.4955085584,62.2457844487,0.0
41.4576934799,44.3118589715,0.0
85.8574337892,83.6781700919,1.0
62.0235664297,70.4676573724,0.0
34.149969372,60.8375234286,0.0
74.9857015594,104.833502361,1.0
23.5982795619,83.0368439866,0.0
108.066214793,111.152343031,1.0
89.7323037389,111.487831105,1.0
119.4685771,120.494937245,1.0
39.0092266157,65.2217196955,0.0
54.5546764308,36.8016765722,0.0
97.3333362229,126.453075949,1.0
131.298703317,120.204759797,1.0
61.2827424588,31.7517702443,0.0
65.5617345991,70.5728486457,0.0
39.6906078998,62.1805377502,0.0
115.081757103,103.98308885,1.0
89.2979029824,94.780542232,1.0
118.259932745,87.1304962677,1.0
44.1461390087,33.791114021,0.0
29.1343291886,36.2006550808,0.0
67.9709096106,54.1240942072,0.0
102.947935415,71.6539296347,1.0
40.6191941044,41.163826671,0.0
100.348489827,94.4684035091,1.0
85.0319286923,128.791971082,1.0
54.1031036192,60.8601712767,0.0
105.194866678,108.463057352,1.0
32.1179566265,41.8521632529,0.0
123.290831254,111.847690712,1.0
81.4203067334,101.4643725,1.0
66.9792509103,43.0022691357,0.0
89.5839498665,114.568427216,1.0
36.6632890479,11.2268841373,0.0
64.7414531875,42.4198498843,0.0
48.9781843479,14.0884664193,0.0
124.261837282,113.315864579,1.0
54.6531544832,29.9247973535,0.0
49.1395671228,80.483122913,0.0
103.319648222,91.595346514,1.0
116.232548912,118.124739659,1.0
102.269863029,100.403950833,1.0
74.820665277,53.094854933,0.0
45.7716383339,75.9624715448,0.0
91.1362435403,62.4667256565,0.0
97.2910654245,109.897201874,1.0
40.8495584519,76.3412918102,0.0
112.229836076,94.5153342467,1.0
70.4915592316,66.3666575492,0.0
103.978063701,80.5723108344,1.0
118.962148712,114.955141086,1.0
80.6121076736,95.0663786957,1.0
109.592398985,101.655648732,1.0
114.34243979,91.3538727186,1.0
46.0231371352,81.1866984352,0.0
53.460617773,63.7009174337,0.0
94.4756271334,86.3693574147,1.0
55.9956713454,19.5843106327,0.0
94.0455381797,81.1701577496,0.0
108.731353263,127.115387393,1.0
44.5842570393,54.1804709324,0.0
109.817875322,107.176136487,1.0
96.6397443957,84.5504762284,1.0
48.8511448414,16.7380859722,0.0
132.00283591,100.836208022,1.0
93.1380494679,75.0994534554,1.0
118.173257125,89.0780217014,1.0
50.3346008588,55.9659040927,0.0
56.4489343753,60.6623064915,0.0
119.019309962,84.8792808752,1.0
111.816097139,121.105905358,1.0
58.3099057615,55.1642382139,0.0
76.1356537373,105.560368493,1.0
75.712507945,82.4613667156,1.0
39.7421954009,63.4693800997,0.0
48.8312327095,54.7997616542,0.0
103.761850474,86.2775937479,1.0
90.6764070078,117.151386379,1.0
52.5542633829,75.218951174,0.0
57.5727971867,50.3787729021,0.0
16.68100537,38.431000587,0.0
40.8285967079,23.7142341464,0.0
134.718892484,110.740383652,1.0
48.2386339583,31.3914417554,0.0
102.774984269,82.72541028,1.0
116.881485367,117.145337507,1.0
99.9624156066,122.46289186,1.0
47.5590943969,56.8412023972,0.0
40.7992505231,69.5050302923,0.0
120.667130563,97.1458860758,1.0
26.4706848366,23.8916286887,0.0
111.588927716,120.181371969,1.0
47.187554115,64.0060567044,0.0
79.1178355342,69.5284311987,1.0
72.5082425898,84.556292018,1.0
133.01933778,84.73882351,1.0
52.1469372429,25.4400080757,0.0
32.1070227568,51.3443580778,0.0
63.0083481529,10.6739957228,0.0
107.503772026,118.112452156,1.0
62.6074672931,68.7862732526,0.0
54.2863163458,63.2903132131,0.0
78.6411308672,115.358859559,1.0
92.5468887271,105.872853205,1.0
100.170196327,87.744875967,1.0
82.4833184969,71.9837318891,0.0
104.975964578,98.7024626328,1.0
77.4000607182,41.7283472398,0.0
70.1134140441,98.2535616666,1.0
123.804239666,92.9901727733,1.0
61.2682549625,35.6276240297,0.0
95.2096827708,113.04178939,1.0
97.9940333748,102.338669113,1.0
24.8000081053,73.9894331146,0.0
48.1075527301,-9.12907523836,0.0
40.9458501546,60.1480609754,0.0
55.4944288324,52.2810806335,0.0
42.1019601992,57.3357378967,0.0
81.8415858745,109.047696241,1.0
123.221476231,99.1511773533,1.0
41.2447110979,88.4498539829,0.0
24.596210508,50.2971980224,0.0
47.7318414248,47.0069015844,0.0
67.0303369145,71.1087338266,0.0
96.6371700229,80.8233281145,1.0
64.8473208034,73.1383952387,0.0
48.8874417354,73.6318985905,0.0
91.5391753255,98.7928939325,1.0
97.7005125779,94.0926852767,1.0
66.309676708,56.7354802051,0.0
135.095678993,83.7582924025,1.0
85.0072452323,83.9355057988,1.0
101.473932521,121.383976944,1.0
107.068542103,99.3058572575,1.0
49.9197841391,57.7680506419,0.0
30.9356355814,96.2296680301,0.0
65.0742388977,16.9453132257,0.0
80.8685280319,98.1259816594,1.0
133.226481306,94.0192592796,1.0
130.155652985,140.052919814,1.0
77.2715335903,74.0304225242,1.0
84.6087527228,27.3963998701,0.0
66.9719761548,62.5284676523,0.0
61.7275261144,62.946540026,0.0
102.356482635,107.493804738,1.0
42.120832417,27.9701221013,0.0
115.364827625,91.2814864574,1.0
88.9596350267,95.5686642383,1.0
52.9011038288,22.7460091415,0.0
123.310943355,83.5753353794,1.0
49.4266196167,43.1437769675,0.0
96.8862708002,89.0911969121,1.0
102.721183886,111.621356042,1.0
128.15558999,120.683335803,1.0
42.3754055955,67.6463489376,0.0
88.7627293122,103.028795087,1.0
111.309569562,136.270335219,1.0
77.1109918948,100.547104226,1.0
55.4591244205,70.2607050879,0.0
7.95455413029,70.9643785478,0.0
49.3768012983,75.7159697911,0.0
54.0434379359,30.55604924,0.0
57.6770122972,16.1650607521,0.0
64.7664500223,40.4524943464,0.0
58.4461922245,43.9727310325,0.0
55.7611295056,118.971102822,1.0
82.5825830191,30.7882068094,0.0
59.1111801889,36.5631393255,0.0
108.25269987,88.0282509087,1.0
90.2736725148,95.3635574231,1.0
109.522226733,95.5695396284,1.0
43.8138731533,72.5696902313,0.0
103.194029507,95.6650256812,1.0
41.8437014946,75.1743683649,0.0
102.83077646,60.550589513,1.0
127.766315183,60.7262912071,1.0
26.3813076154,10.2291404319,0.0
34.3781464684,48.5509544733,0.0
74.4273114462,114.289639722,1.0
156.672983494,100.508175421,1.0
99.0472966041,109.156164722,1.0
105.571230765,100.760110594,1.0
92.3227293752,119.573367353,1.0
102.341230978,76.3167708004,0.0
88.2993912227,80.6134146974,1.0
45.1884171476,67.6369844528,0.0
122.792133664,90.0963468196,1.0
90.3998393743,87.7064290408,1.0
107.993172549,123.317718489,1.0
109.961333597,105.856697873,1.0
66.2950116747,78.9730369434,1.0
69.5045921598,79.5743979895,1.0
30.8495052072,52.6680373785,0.0
44.0675080116,51.9752936201,0.0
43.8717639168,41.960258511,0.0
29.0528615518,52.880010299,0.0
66.7493796061,42.6478783308,0.0
110.214728211,100.380323872,1.0
98.4620438843,108.734831582,1.0
50.2109734467,72.8187110812,0.0
84.5431574616,112.065764332,1.0
76.2133438611,96.8134746097,1.0
62.7239820737,64.1972012581,0.0
56.6091296411,33.3636496804,0.0
61.3228740775,36.9604540929,0.0
-4.12128586447,20.4202382428,0.0
52.6365084031,65.8979963058,0.0
91.8896950499,63.4777766558,1.0
69.1603468093,66.451038589,0.0
55.8367363403,61.6750108835,0.0
61.8605084744,46.9660100388,0.0
1.05850406064,32.9696381332,0.0
116.814448496,80.1770187832,1.0
34.503986101,38.0951913504,0.0
58.1555849205,78.3705410885,0.0
80.7932736497,97.0417350145,1.0
129.349551011,74.3171224523,1.0
132.865069946,80.7432695387,1.0
76.1179689026,89.0735073841,0.0
142.912176941,83.2354644532,1.0
97.7282038581,86.864697337,1.0
97.1142103432,117.302991649,1.0
59.4614766029,27.3067536531,0.0
35.90595923,46.2869239541,0.0
39.2157224624,56.1132449585,0.0
98.5739932562,92.5039177234,1.0
108.824024027,102.370672884,1.0
50.3322929754,60.2575259629,0.0
97.1005808361,79.1105997117,1.0
47.1419537012,38.3535667012,0.0
96.8173713522,107.212383408,1.0
70.3668799088,80.6460907182,0.0
52.9722811398,27.8305388597,0.0
75.0632062474,82.9951698927,0.0
44.0808711222,101.835139903,1.0
28.9086273474,66.6333788257,0.0
48.4075675257,78.798437201,0.0
104.595200206,92.9284888085,1.0
126.675565289,131.575725934,1.0
41.8191475832,141.744477237,1.0
45.0348958762,33.6305613999,0.0
21.9367012205,45.9627145849,0.0
30.9209610466,63.1891619731,0.0
78.6882674731,35.6416722084,0.0
73.4097479571,91.0684124206,1.0
28.04819704,34.2785020953,0.0
44.6986164707,58.1273767682,0.0
100.632465367,124.34132313,1.0
81.4856423815,67.4000047382,0.0
91.7721684349,140.201022333,1.0
81.2006980354,63.1355110505,0.0
66.9240479901,36.2834371188,0.0
34.1743343206,74.2545283099,0.0
103.75640881,89.7747374442,1.0
121.069993095,115.945935633,1.0
99.5202302469,95.4009936166,1.0
63.9260089728,33.2318188217,0.0
56.334048814,96.5230818848,1.0
104.130349105,83.0281398224,1.0
93.9242727205,127.728005273,1.0
83.727228878,110.20855018,1.0
111.161963423,66.5588217739,1.0
62.4642265727,32.4566940058,0.0
99.7885820419,96.4111366872,1.0
50.990163928,61.0025617073,0.0
39.0189962563,51.7628974253,0.0
100.081620217,98.7948053291,1.0
36.0230000645,49.617005664,0.0
64.9932003049,70.5306036231,0.0
123.779128202,94.2658769851,1.0
40.3320435581,37.1267640379,0.0
130.388820275,137.89800792,1.0
90.3918189048,27.138329941,0.0
66.2505308767,46.0732424331,0.0
59.2753602648,33.1091409815,0.0
48.1128263315,72.1706000602,0.0
53.2665475583,33.4415332984,0.0
101.982150145,75.9518642338,1.0
92.6703066425,123.984050557,1.0
65.6834191664,77.2774556018,1.0
100.270273458,81.9380235527,1.0
162.577105665,113.226203149,1.0
31.1496585006,70.7686362113,0.0
74.4423339867,156.32698035,1.0
40.8133784721,48.2865816583,0.0
115.527861252,147.016538807,1.0
96.6378678729,118.294653529,1.0
79.0583084826,95.0254606291,1.0
75.7628503544,83.7458018734,1.0
104.326049753,121.887018475,1.0
52.4047481371,86.1442543374,0.0
120.91989627,93.2953268338,1.0
68.2466572724,35.0030181976,0.0
112.046427017,85.1382934505,1.0
115.296962656,118.990038469,1.0
92.768592699,112.639977965,1.0
77.331624512,75.0434978027,1.0
103.433011295,130.959828906,1.0
39.554927536,30.5208827936,0.0
90.6158038617,82.2971334435,1.0
85.8637750042,62.748481922,0.0
54.2263646214,61.1876407091,0.0
37.1903045642,71.5567760601,0.0
59.1859887985,12.9679217551,0.0
117.572436215,60.0028309366,1.0
98.5553283835,94.5186587212,1.0
79.9237194818,120.280818737,1.0
116.744841439,72.084134066,1.0
50.2617743403,29.4991180988,0.0
112.716153961,86.1258918033,1.0
78.2852667106,110.66526303,1.0
12.6594303039,26.0895088019,0.0
139.566715903,92.962088097,1.0
84.8896645026,111.618635059,1.0
92.3832985415,75.499756391,1.0
55.5621822173,53.9000237907,0.0
106.932211568,59.383220616,1.0
40.2916671482,43.2066904967,0.0
81.5410364844,52.1811518221,0.0
13.5597066986,71.9256039112,0.0
73.1411456222,127.090874318,1.0
23.0736850892,56.6690181202,0.0
87.38333219,71.0766583444,0.0
84.405479829,86.6971928026,1.0
91.1512579482,123.804786641,1.0
44.3802501534,64.8622201119,0.0
98.7778547401,66.2600481806,1.0
81.6105888877,110.308021272,1.0
27.704315046,55.6043913397,0.0
87.5868624021,67.4006981799,0.0
64.6451959691,57.5629404673,0.0
31.542584513,68.3079620074,0.0
121.716119079,116.938999087,1.0
59.6442004621,96.3110208861,1.0
3.59761373288,60.6159862991,0.0
90.7048142579,61.5020600787,1.0
115.496848216,102.165227695,1.0
65.53667298,19.6732226672,0.0
128.468524144,59.5880526097,1.0
90.2630176314,45.1484661717,0.0
91.1177175002,122.812937255,1.0
121.984412979,132.039597384,1.0
128.099774958,91.5602157569,1.0
65.8391788552,50.4322111241,0.0
56.651818286,102.775664885,1.0
87.966424466,105.003197754,1.0
48.8280528663,68.0901878299,0.0
54.9808417052,61.8450018812,0.0
68.6587507472,29.9618665487,0.0
72.8867199413,71.0418257421,1.0
141.23901828,102.952108896,1.0
32.2563119372,41.0901715626,0.0
59.5411555298,68.626903918,0.0
109.851646839,92.7574231403,1.0
53.156393868,46.9232185147,0.0
73.7876410645,48.2772819052,0.0
117.008913542,87.5581676124,1.0
116.4546819,92.9318252981,1.0
93.8831635368,103.606979631,1.0
40.8122184734,81.8633088968,0.0
34.9984460145,54.8794344847,0.0
44.8979384969,10.9987507334,0.0
103.5174028,127.026170579,1.0
18.5394920613,57.5724407708,0.0
96.664704926,87.8324768758,1.0
48.4555442922,21.6248126182,0.0
41.7305607472,54.0879764925,0.0
52.3390630152,1.62552164622,0.0
124.684101146,79.1035229211,1.0
47.714972582,28.4316459324,0.0
91.6022304126,51.6997651629,0.0
55.8329491409,57.3854689819,0.0
93.427308389,99.227553603,1.0
59.1765992168,15.8021143146,0.0
75.8989661314,91.3422587064,1.0
49.4105116363,66.9765398224,0.0
66.1564024417,115.029417876,1.0
128.539275254,105.34491574,1.0
38.5406779671,95.1167013979,0.0
72.0257301654,113.842801251,1.0
70.3579345998,72.982791619,0.0
90.949193251,82.4689695645,1.0
135.995967404,119.12175229,1.0
56.3901525308,39.4144402788,0.0
54.510533261,48.7875169214,0.0
108.751101071,108.959306383,1.0
49.9863861905,40.1086995758,0.0
88.3300800956,75.4145768867,0.0
14.9473797334,49.3092586551,0.0
75.323531687,108.138911376,1.0
61.0804728026,23.1710233207,0.0
62.1926120753,35.6618789136,0.0
19.3090876312,21.575949515,0.0
56.8320628655,21.6846691814,0.0
110.008870419,87.1410603382,1.0
90.7328339644,127.515629337,1.0
61.2053503763,54.4653150114,0.0
87.1429518113,120.216725113,1.0
91.4921134238,87.0255110269,1.0
51.6419572607,80.5419130913,0.0
57.8638125592,87.3147942553,0.0
72.9826345561,80.0894565675,1.0
118.476869434,133.602585011,1.0
79.668077251,123.893946359,1.0
16.4163998214,40.9789760943,0.0
107.174972887,78.4933427661,1.0
36.6884475242,73.3519301899,0.0
90.4373562509,82.0169238186,1.0
103.812662305,139.21775913,1.0
85.0152322212,59.674790575,1.0
102.299167651,141.964833184,1.0
56.5821127864,67.902918648,0.0
78.7191150142,47.8411650062,0.0
107.619402288,100.113457911,1.0
110.002905559,102.1579846,1.0
41.9343921857,33.9754053608,0.0
52.1888695261,39.6346713313,0.0
34.0540311084,38.7700911535,0.0
49.8977454927,100.887507178,0.0
56.6606858321,53.0452525769,0.0
44.741854732,48.8205409275,0.0
75.433833441,90.8074187984,1.0
61.6494866687,97.403501755,1.0
35.6794649353,10.1639004076,0.0
35.3654595872,49.4105344408,0.0
74.450275322,42.3104032429,0.0
126.307696435,79.3261934219,1.0
47.4882132352,57.3127876913,0.0
86.3228983477,147.562600774,1.0
55.5702112105,80.465003346,1.0
33.3964837353,44.3324091332,0.0
47.1729789352,43.9833530285,0.0
108.325040625,79.2089704999,1.0
33.0088405352,19.6440453659,0.0
37.956879598,45.4335349775,0.0
84.279500585,83.7349754126,1.0
89.6905189967,104.072321632,1.0
97.1131528886,81.8570547813,1.0
91.9926823088,55.3108109496,0.0
58.1885995229,54.4331427575,0.0
79.7284602574,76.5390193279,1.0
77.2571330259,62.301071953,1.0
151.400990101,92.6931397491,1.0
39.3483288836,55.6643533841,0.0
93.7534305,82.0815218157,1.0
61.4204459081,103.595536155,1.0
104.372615183,79.5453096121,1.0
83.3879886387,106.356016199,1.0
60.618093237,94.8066596172,0.0
83.7517698428,47.3392349897,1.0
86.2630898432,129.700791023,1.0
80.7457564978,99.0143670186,1.0
61.3035885078,69.8078103995,0.0
49.8467834511,20.2106928602,0.0
103.716529293,124.973078586,1.0
87.7328838195,82.1849067168,1.0
128.122141373,104.770970228,1.0
66.7220187912,33.374086808,0.0
20.6887990149,41.6349406766,0.0
39.721452331,71.2788705847,0.0
100.330452887,89.5769463905,1.0
98.1244340455,98.8147728367,1.0
77.4177570116,127.132552847,1.0
31.819317485,61.5499270914,0.0
58.0498053227,61.4349931191,0.0
123.869924454,104.45576218,1.0
55.6492710593,54.332197488,0.0
104.192011441,91.5221446588,1.0
39.7942395182,51.7823850674,0.0
92.9788594281,72.6221472557,1.0
95.2688130476,57.1851590589,1.0
37.938788553,31.7558092425,0.0
21.2284705649,41.1048682142,0.0
121.827002843,61.8989853133,1.0
135.494083046,125.677229182,1.0
68.2649048897,112.4422216,1.0
81.0775138527,68.2578035933,0.0
116.789111411,70.2849396529,1.0
96.538118904,96.858414936,1.0
38.8205110508,79.1405530419,0.0
76.9083335563,67.4869383773,0.0
113.51895696,128.941301862,1.0
96.8745340113,57.4961550019,1.0
78.0622952174,60.5665510384,1.0
135.907281499,112.279762178,1.0
125.271724411,101.167473307,1.0
86.5543103813,77.2568485004,1.0
47.1742228636,49.0419147926,0.0
106.43491894,62.3126146651,1.0
84.3010716359,124.128782632,1.0
96.8367010534,59.4918546436,1.0
117.483681924,109.074773372,1.0
33.2283503414,44.9997655047,0.0
56.4883524341,7.76872674488,0.0
64.5505839503,58.3639295102,0.0
54.0222643159,101.57264417,1.0
4.94991346679,61.7742814793,0.0
38.3125651712,42.0981228369,0.0
37.6232002685,31.7637828589,0.0
121.311513524,80.4594585041,1.0
137.14879618,92.3198365683,1.0
77.2741167002,113.459279775,1.0
44.1903099488,51.9606727068,0.0
38.2937972801,61.8927484607,0.0
98.2042830583,88.8745632969,1.0
23.1947208585,73.7828723421,0.0
117.354998575,78.0368122892,1.0
36.5990153939,77.4519404287,0.0
132.079732931,107.483160345,1.0
36.863237199,85.7472400178,0.0
84.9706202307,110.51359857,1.0
61.81514634,71.3050305722,0.0
71.3868632374,37.2652412603,0.0
67.8735066624,21.0587472361,0.0
85.1178904151,49.8625377684,0.0
45.0475011707,73.7209648258,0.0
77.9237195293,47.8818713897,0.0
51.0619551786,67.1580682247,0.0
76.6703473884,82.583355942,1.0
43.0411199799,45.9981698415,0.0
34.2579847456,48.44854377,0.0
51.3854100493,73.1896095541,0.0
63.5895366069,71.095937405,1.0
61.6411461371,32.7831039049,0.0
106.539404679,72.115031929,1.0
136.381474314,115.851568557,1.0
102.308683381,95.7716295589,1.0
47.4520028974,44.9883404545,0.0
53.1361413931,73.889081682,0.0
76.7084250485,62.9543179092,0.0
37.5064783717,33.6766096094,0.0
22.2172908156,52.5047284863,0.0
62.7166228197,58.0838920903,0.0
76.2154260267,102.444226965,1.0
59.9290887507,70.0810654995,1.0
53.4387934324,23.273588625,0.0
42.2343687531,52.8148548804,0.0
65.2815979459,81.8011057231,1.0
102.21281885,98.4319366192,1.0
40.0801231774,49.5949391869,0.0
94.4706891445,94.0952885576,1.0
88.3341492094,82.1914623559,1.0
125.110608596,105.214052992,1.0
87.4206035209,97.1922782236,1.0
67.2990816943,71.0526144794,0.0
66.2690530342,8.63574387869,0.0
117.961782982,103.05652537,1.0
59.7397682338,117.258054643,1.0
123.124276461,94.1500735536,1.0
29.3980942706,41.9483602889,0.0
77.571999696,97.1147545056,1.0
97.5652287023,125.132178945,1.0
90.6280767862,123.112116845,1.0
61.5942518474,75.553136679,0.0
34.8611630048,86.8872311321,0.0
93.4154853573,101.142382008,1.0
32.6348210397,48.381620338,0.0
115.175053748,73.7737893522,1.0
74.2879502033,102.048831239,1.0
28.5079783008,53.192444841,0.0
135.540756786,80.9171601739,1.0
59.8431521125,53.347989302,0.0
121.904490488,101.121685039,1.0
79.1037648477,18.6752866701,0.0
52.4988538989,35.0251224389,0.0
85.2670049328,138.931946441,1.0
54.0473378592,45.4896909172,0.0
54.8946820956,68.6700622721,0.0
43.8631475284,72.6899833714,0.0
82.0612145021,45.7753770142,0.0
106.258858039,121.919729514,1.0
34.0223569706,28.8690018193,0.0
94.4022674803,72.1525665064,1.0
77.9336052574,112.347788463,1.0
41.3695306118,70.7832424337,0.0
66.8726932213,67.4740745817,0.0
67.6573191907,33.2338137554,0.0
54.5355431719,60.6874746585,0.0
17.2601207766,16.1513472914,0.0
36.2208365445,67.7055078567,0.0
98.0043642489,113.512199095,1.0
113.831443089,98.7611037473,1.0
103.435416085,67.4891607576,1.0
101.776740552,132.288386223,1.0
54.089432312,75.623971092,0.0
94.6578863044,113.70941613,1.0
79.3566492471,116.47145275,1.0
62.4259387097,79.1170199924,0.0
80.1294908225,38.6725566303,0.0
93.1045270409,95.7441770178,1.0
49.7331413566,21.419911691,0.0
131.279963372,115.505096817,1.0
79.9787434863,106.468789103,1.0
102.690626115,61.7161497593,1.0
98.0744097768,115.039884444,1.0
63.6063591268,43.6912068142,0.0
44.0279045284,58.4829330231,0.0
87.7987254654,109.178190123,1.0
52.6715639204,85.9303055857,0.0
56.7566295068,54.2288603688,0.0
36.8583232638,39.7478080092,0.0
30.4202406568,63.1974132287,0.0
46.3098610468,97.5006071677,0.0
85.6863773669,63.2827876724,1.0
36.4744615106,74.2429293688,0.0
39.0585285612,56.6524167835,0.0
46.361536067,68.2803027623,0.0
103.740276454,96.8595698576,1.0
123.830817838,83.5238098074,1.0
96.9838737209,65.3334854534,0.0
45.5271727042,13.9527126606,0.0
70.6500294416,67.5018190539,1.0
18.2364608357,45.8627342061,0.0
56.3380162174,37.5938432697,0.0
111.31664646,112.225160376,1.0
86.4628098771,121.525861659,1.0
82.8123893709,89.2896445626,1.0
50.6092743763,74.3566066717,0.0
54.4175442525,42.4027972999,0.0
81.7826183027,60.0576765758,0.0
98.2837230693,94.0638291847,1.0
48.8656434144,46.3773747752,0.0
88.309684345,86.0889900102,1.0
56.9257407705,42.7190133684,0.0
62.4875468517,38.5099250574,0.0
45.0250935484,44.458147053,0.0
40.9126645876,20.6934695376,0.0
79.011958862,73.388689666,1.0
26.7734885209,79.1538677069,0.0
68.0113700502,35.6806965349,0.0
108.35022879,93.5213638316,1.0
117.389991276,139.609489594,1.0
27.6695551739,7.74505048186,0.0
88.465648799,108.957451375,1.0
116.466776799,126.740467387,1.0
91.4804463824,104.694119689,1.0
50.9169327772,67.9665359666,0.0
89.531055916,84.8553300723,1.0
